﻿<?xml version="1.0" encoding="utf-8" ?>
<Dictionary>
  <Words>
    <Recognized>
      <Word>Flickr</Word>
      <Word>Blog</Word>
      <Word>Blogs</Word>
      <Word>Permalink</Word>
      <Word>Exif</Word>
      <Word>Frob</Word>
      <Word>Prefs</Word>
      <Word>Photostream</Word>
      <Word>Persister</Word>
      <Word>Parsable</Word>
      <Word>Zooomr</Word>
      <Word>Neighbourhood</Word>
      <Word>Sha</Word>
      <Word>Favorited</Word>
      <Word>Coords</Word>
    </Recognized>
  </Words>
</Dictionary>
